<?xml version="1.0" encoding="UTF-8"?>
<classpath>
	<classpathentry kind="src" path="src"/>
	<classpathentry kind="con" path="org.eclipse.jdt.launching.JRE_CONTAINER/org.eclipse.jdt.internal.debug.ui.launcher.StandardVMType/JavaSE-1.8"/>
	<classpathentry kind="con" path="org.eclipse.jdt.USER_LIBRARY/mysql"/>
	<classpathentry kind="lib" path="C:/Program Files/Java/jre1.8.0_144/lib/ext/jfxrt.jar"/>
	<classpathentry kind="lib" path="C:/Users/USER/javaMarch2018/eclipse/ReservationSystemClient/BuildPath/activation.jar"/>
	<classpathentry kind="lib" path="C:/Users/USER/javaMarch2018/eclipse/ReservationSystemClient/BuildPath/client-3.6.0.jar"/>
	<classpathentry kind="lib" path="C:/Users/USER/javaMarch2018/eclipse/ReservationSystemClient/BuildPath/commons-codec-1.9.jar"/>
	<classpathentry kind="lib" path="C:/Users/USER/javaMarch2018/eclipse/ReservationSystemClient/BuildPath/commons-io-2.5.jar"/>
	<classpathentry kind="lib" path="C:/Users/USER/javaMarch2018/eclipse/ReservationSystemClient/BuildPath/commons-lang3-3.5.jar"/>
	<classpathentry kind="lib" path="C:/Users/USER/javaMarch2018/eclipse/ReservationSystemClient/BuildPath/commons-logging-1.2.jar"/>
	<classpathentry kind="lib" path="C:/Users/USER/javaMarch2018/eclipse/ReservationSystemClient/BuildPath/hamcrest-core-1.3.jar"/>
	<classpathentry kind="lib" path="C:/Users/USER/javaMarch2018/eclipse/ReservationSystemClient/BuildPath/httpclient-4.5.jar"/>
	<classpathentry kind="lib" path="C:/Users/USER/javaMarch2018/eclipse/ReservationSystemClient/BuildPath/httpcore-4.4.1.jar"/>
	<classpathentry kind="lib" path="C:/Users/USER/javaMarch2018/eclipse/ReservationSystemClient/BuildPath/jackson-annotations-2.9.0.jar"/>
	<classpathentry kind="lib" path="C:/Users/USER/javaMarch2018/eclipse/ReservationSystemClient/BuildPath/jackson-core-2.9.5.jar"/>
	<classpathentry kind="lib" path="C:/Users/USER/javaMarch2018/eclipse/ReservationSystemClient/BuildPath/jackson-databind-2.9.5.jar"/>
	<classpathentry kind="lib" path="C:/Users/USER/javaMarch2018/eclipse/ReservationSystemClient/BuildPath/java-jwt-2.2.1.jar"/>
	<classpathentry kind="lib" path="C:/Users/USER/javaMarch2018/eclipse/ReservationSystemClient/BuildPath/javax.mail.jar"/>
	<classpathentry kind="lib" path="C:/Users/USER/javaMarch2018/eclipse/ReservationSystemClient/BuildPath/jcalendar-1.4.jar"/>
	<classpathentry kind="lib" path="C:/Users/USER/javaMarch2018/eclipse/ReservationSystemClient/BuildPath/jcommon-1.0.23.jar"/>
	<classpathentry kind="lib" path="C:/Users/USER/javaMarch2018/eclipse/ReservationSystemClient/BuildPath/jdatepicker-1.3.4.jar"/>
	<classpathentry kind="lib" path="C:/Users/USER/javaMarch2018/eclipse/ReservationSystemClient/BuildPath/jfoenix-8.0.5.jar"/>
	<classpathentry kind="lib" path="C:/Users/USER/javaMarch2018/eclipse/ReservationSystemClient/BuildPath/jfreechart-1.0.19.jar"/>
	<classpathentry kind="lib" path="C:/Users/USER/javaMarch2018/eclipse/ReservationSystemClient/BuildPath/jfreechart-1.0.19-demo.jar"/>
	<classpathentry kind="lib" path="C:/Users/USER/javaMarch2018/eclipse/ReservationSystemClient/BuildPath/jfreechart-1.0.19-experimental.jar"/>
	<classpathentry kind="lib" path="C:/Users/USER/javaMarch2018/eclipse/ReservationSystemClient/BuildPath/jfreechart-1.0.19-swt.jar"/>
	<classpathentry kind="lib" path="C:/Users/USER/javaMarch2018/eclipse/ReservationSystemClient/BuildPath/jfreesvg-2.0.jar"/>
	<classpathentry kind="lib" path="C:/Users/USER/javaMarch2018/eclipse/ReservationSystemClient/BuildPath/jgoodies-common-1.2.0.jar"/>
	<classpathentry kind="lib" path="C:/Users/USER/javaMarch2018/eclipse/ReservationSystemClient/BuildPath/jgoodies-looks-2.4.1.jar"/>
	<classpathentry kind="lib" path="C:/Users/USER/javaMarch2018/eclipse/ReservationSystemClient/BuildPath/junit-4.6.jar"/>
	<classpathentry kind="lib" path="C:/Users/USER/javaMarch2018/eclipse/ReservationSystemClient/BuildPath/junit-4.11.jar"/>
	<classpathentry kind="lib" path="C:/Users/USER/javaMarch2018/eclipse/ReservationSystemClient/BuildPath/orsoncharts-1.4-eval-nofx.jar"/>
	<classpathentry kind="lib" path="C:/Users/USER/javaMarch2018/eclipse/ReservationSystemClient/BuildPath/orsonpdf-1.6-eval.jar"/>
	<classpathentry kind="lib" path="C:/Users/USER/javaMarch2018/eclipse/ReservationSystemClient/BuildPath/servlet.jar"/>
	<classpathentry kind="lib" path="C:/Users/USER/javaMarch2018/eclipse/ReservationSystemClient/BuildPath/swtgraphics2d.jar"/>
	<classpathentry kind="con" path="org.eclipse.jdt.launching.JRE_CONTAINER"/>
	<classpathentry kind="lib" path="C:/Users/USER/Documents/BuildPath/FaceRecJarFiles/commons-codec-1.9.jar"/>
	<classpathentry kind="lib" path="C:/Users/USER/Documents/BuildPath/FaceRecJarFiles/httpclient-4.5.jar"/>
	<classpathentry kind="lib" path="C:/Users/USER/Documents/BuildPath/FaceRecJarFiles/httpcore-4.4.1.jar"/>
	<classpathentry kind="lib" path="C:/Users/USER/Documents/BuildPath/FaceRecJarFiles/libs/bridj-0.7.0.jar"/>
	<classpathentry kind="lib" path="C:/Users/USER/Documents/BuildPath/FaceRecJarFiles/libs/slf4j-api-1.7.2.jar"/>
	<classpathentry kind="lib" path="C:/Users/USER/Documents/BuildPath/All JARs/animation-1.3.6.jar"/>
	<classpathentry kind="lib" path="C:/Users/USER/Documents/BuildPath/All JARs/ant-1.8.4.jar"/>
	<classpathentry kind="lib" path="C:/Users/USER/Documents/BuildPath/All JARs/ant-launcher-1.8.4.jar"/>
	<classpathentry kind="lib" path="C:/Users/USER/Documents/BuildPath/All JARs/arpack_combined_all-0.1.jar"/>
	<classpathentry kind="lib" path="C:/Users/USER/Documents/BuildPath/All JARs/ascii-table-1.0.jar"/>
	<classpathentry kind="lib" path="C:/Users/USER/Documents/BuildPath/All JARs/asm-4.0.jar"/>
	<classpathentry kind="lib" path="C:/Users/USER/Documents/BuildPath/All JARs/axis-1.4.jar"/>
	<classpathentry kind="lib" path="C:/Users/USER/Documents/BuildPath/All JARs/batik-anim-1.7.jar"/>
	<classpathentry kind="lib" path="C:/Users/USER/Documents/BuildPath/All JARs/batik-awt-util-1.7.jar"/>
	<classpathentry kind="lib" path="C:/Users/USER/Documents/BuildPath/All JARs/batik-css-1.7.jar"/>
	<classpathentry kind="lib" path="C:/Users/USER/Documents/BuildPath/All JARs/batik-dom-1.7.jar"/>
	<classpathentry kind="lib" path="C:/Users/USER/Documents/BuildPath/All JARs/batik-ext-1.7.jar"/>
	<classpathentry kind="lib" path="C:/Users/USER/Documents/BuildPath/All JARs/batik-parser-1.7.jar"/>
	<classpathentry kind="lib" path="C:/Users/USER/Documents/BuildPath/All JARs/batik-svg-dom-1.7.jar"/>
	<classpathentry kind="lib" path="C:/Users/USER/Documents/BuildPath/All JARs/batik-util-1.7.jar"/>
	<classpathentry kind="lib" path="C:/Users/USER/Documents/BuildPath/All JARs/batik-xml-1.7.jar"/>
	<classpathentry kind="lib" path="C:/Users/USER/Documents/BuildPath/All JARs/bcmail-jdk14-1.38.jar"/>
	<classpathentry kind="lib" path="C:/Users/USER/Documents/BuildPath/All JARs/bcmail-jdk14-138.jar"/>
	<classpathentry kind="lib" path="C:/Users/USER/Documents/BuildPath/All JARs/bcprov-jdk14-1.38.jar"/>
	<classpathentry kind="lib" path="C:/Users/USER/Documents/BuildPath/All JARs/bcprov-jdk14-138.jar"/>
	<classpathentry kind="lib" path="C:/Users/USER/Documents/BuildPath/All JARs/bctsp-jdk14-1.38.jar"/>
	<classpathentry kind="lib" path="C:/Users/USER/Documents/BuildPath/All JARs/bezier-utils-1.0.0-RELEASE.jar"/>
	<classpathentry kind="lib" path="C:/Users/USER/Documents/BuildPath/All JARs/bridj-0.7-20140918.jar"/>
	<classpathentry kind="lib" path="C:/Users/USER/Documents/BuildPath/All JARs/castor-1.2.jar"/>
	<classpathentry kind="lib" path="C:/Users/USER/Documents/BuildPath/All JARs/Client.jar"/>
	<classpathentry kind="lib" path="C:/Users/USER/Documents/BuildPath/All JARs/client-3.6.0.jar"/>
	<classpathentry kind="lib" path="C:/Users/USER/Documents/BuildPath/All JARs/cloning-1.9.1.jar"/>
	<classpathentry kind="lib" path="C:/Users/USER/Documents/BuildPath/All JARs/clustering-1.3.6.jar"/>
	<classpathentry kind="lib" path="C:/Users/USER/Documents/BuildPath/All JARs/cmu_time_awb.jar"/>
	<classpathentry kind="lib" path="C:/Users/USER/Documents/BuildPath/All JARs/cmu_us_kal.jar"/>
	<classpathentry kind="lib" path="C:/Users/USER/Documents/BuildPath/All JARs/cmudict04.jar"/>
	<classpathentry kind="lib" path="C:/Users/USER/Documents/BuildPath/All JARs/cmulex.jar"/>
	<classpathentry kind="lib" path="C:/Users/USER/Documents/BuildPath/All JARs/cmutimelex.jar"/>
	<classpathentry kind="lib" path="C:/Users/USER/Documents/BuildPath/All JARs/colt-1.2.0.jar"/>
	<classpathentry kind="lib" path="C:/Users/USER/Documents/BuildPath/All JARs/common-image-3.0-rc5.jar"/>
	<classpathentry kind="lib" path="C:/Users/USER/Documents/BuildPath/All JARs/common-io-3.0-rc5.jar"/>
	<classpathentry kind="lib" path="C:/Users/USER/Documents/BuildPath/All JARs/common-lang-3.0-rc5.jar"/>
	<classpathentry kind="lib" path="C:/Users/USER/Documents/BuildPath/All JARs/commons-beanutils-1.8.0.jar"/>
	<classpathentry kind="lib" path="C:/Users/USER/Documents/BuildPath/All JARs/commons-cli-1.1.jar"/>
	<classpathentry kind="lib" path="C:/Users/USER/Documents/BuildPath/All JARs/commons-codec-1.9.jar"/>
	<classpathentry kind="lib" path="C:/Users/USER/Documents/BuildPath/All JARs/commons-collections-2.1.jar"/>
	<classpathentry kind="lib" path="C:/Users/USER/Documents/BuildPath/All JARs/commons-digester-2.1.jar"/>
	<classpathentry kind="lib" path="C:/Users/USER/Documents/BuildPath/All JARs/commons-io-2.2.jar"/>
	<classpathentry kind="lib" path="C:/Users/USER/Documents/BuildPath/All JARs/commons-io-2.5.jar"/>
	<classpathentry kind="lib" path="C:/Users/USER/Documents/BuildPath/All JARs/commons-lang-2.6.jar"/>
	<classpathentry kind="lib" path="C:/Users/USER/Documents/BuildPath/All JARs/commons-lang3-3.5.jar"/>
	<classpathentry kind="lib" path="C:/Users/USER/Documents/BuildPath/All JARs/commons-logging-1.1.1.jar"/>
	<classpathentry kind="lib" path="C:/Users/USER/Documents/BuildPath/All JARs/commons-logging-1.2.jar"/>
	<classpathentry kind="lib" path="C:/Users/USER/Documents/BuildPath/All JARs/commons-math-2.2.jar"/>
	<classpathentry kind="lib" path="C:/Users/USER/Documents/BuildPath/All JARs/commons-math3-3.3.jar"/>
	<classpathentry kind="lib" path="C:/Users/USER/Documents/BuildPath/All JARs/commons-vfs2-2.0.jar"/>
	<classpathentry kind="lib" path="C:/Users/USER/Documents/BuildPath/All JARs/concurrent-1.3.4.jar"/>
	<classpathentry kind="lib" path="C:/Users/USER/Documents/BuildPath/All JARs/core-1.1.2.jar"/>
	<classpathentry kind="lib" path="C:/Users/USER/Documents/BuildPath/All JARs/core-1.3.6.jar"/>
	<classpathentry kind="lib" path="C:/Users/USER/Documents/BuildPath/All JARs/core-aop-support-1.3.6.jar"/>
	<classpathentry kind="lib" path="C:/Users/USER/Documents/BuildPath/All JARs/core-audio-1.3.6.jar"/>
	<classpathentry kind="lib" path="C:/Users/USER/Documents/BuildPath/All JARs/core-citation-1.3.6.jar"/>
	<classpathentry kind="lib" path="C:/Users/USER/Documents/BuildPath/All JARs/core-experiment-1.3.6.jar"/>
	<classpathentry kind="lib" path="C:/Users/USER/Documents/BuildPath/All JARs/core-feature-1.3.6.jar"/>
	<classpathentry kind="lib" path="C:/Users/USER/Documents/BuildPath/All JARs/core-image-1.3.6.jar"/>
	<classpathentry kind="lib" path="C:/Users/USER/Documents/BuildPath/All JARs/core-math-1.3.6.jar"/>
	<classpathentry kind="lib" path="C:/Users/USER/Documents/BuildPath/All JARs/core-video-1.3.6.jar"/>
	<classpathentry kind="lib" path="C:/Users/USER/Documents/BuildPath/All JARs/core-video-capture-1.3.6.jar"/>
	<classpathentry kind="lib" path="C:/Users/USER/Documents/BuildPath/All JARs/dom4j-1.6.1.jar"/>
	<classpathentry kind="lib" path="C:/Users/USER/Documents/BuildPath/All JARs/dx-1.7.jar"/>
	<classpathentry kind="lib" path="C:/Users/USER/Documents/BuildPath/All JARs/EmacspeakServer.jar"/>
	<classpathentry kind="lib" path="C:/Users/USER/Documents/BuildPath/All JARs/en_us.jar"/>
	<classpathentry kind="lib" path="C:/Users/USER/Documents/BuildPath/All JARs/faces-1.3.6.jar"/>
	<classpathentry kind="lib" path="C:/Users/USER/Documents/BuildPath/All JARs/FaceTracker-1.3.6.jar"/>
	<classpathentry kind="lib" path="C:/Users/USER/Documents/BuildPath/All JARs/flickr4java-2.13_jonhare_0408059615bfa8da071c2e54268e3004ce62d6a4.jar"/>
	<classpathentry kind="lib" path="C:/Users/USER/Documents/BuildPath/All JARs/freetts.jar"/>
	<classpathentry kind="lib" path="C:/Users/USER/Documents/BuildPath/All JARs/FreeTTSEmacspeakServer.jar"/>
	<classpathentry kind="lib" path="C:/Users/USER/Documents/BuildPath/All JARs/FreeTTSHelloWorld.jar"/>
	<classpathentry kind="lib" path="C:/Users/USER/Documents/BuildPath/All JARs/freetts-jsapi10.jar"/>
	<classpathentry kind="lib" path="C:/Users/USER/Documents/BuildPath/All JARs/geronimo-stax-api_1.0_spec-1.0.jar"/>
	<classpathentry kind="lib" path="C:/Users/USER/Documents/BuildPath/All JARs/gov-sandia-cognition-common-core-3.3.0.jar"/>
	<classpathentry kind="lib" path="C:/Users/USER/Documents/BuildPath/All JARs/gov-sandia-cognition-learning-core-3.3.0.jar"/>
	<classpathentry kind="lib" path="C:/Users/USER/Documents/BuildPath/All JARs/guava-14.0.1.jar"/>
	<classpathentry kind="lib" path="C:/Users/USER/Documents/BuildPath/All JARs/hamcrest-core-1.3.jar"/>
	<classpathentry kind="lib" path="C:/Users/USER/Documents/BuildPath/All JARs/HelloWorld.jar"/>
	<classpathentry kind="lib" path="C:/Users/USER/Documents/BuildPath/All JARs/httpclient-4.5.jar"/>
	<classpathentry kind="lib" path="C:/Users/USER/Documents/BuildPath/All JARs/httpcore-4.4.1.jar"/>
	<classpathentry kind="lib" path="C:/Users/USER/Documents/BuildPath/All JARs/image-feature-extraction-1.3.6.jar"/>
	<classpathentry kind="lib" path="C:/Users/USER/Documents/BuildPath/All JARs/imageio-core-3.0-rc5.jar"/>
	<classpathentry kind="lib" path="C:/Users/USER/Documents/BuildPath/All JARs/imageio-jpeg-3.0-rc5.jar"/>
	<classpathentry kind="lib" path="C:/Users/USER/Documents/BuildPath/All JARs/imageio-metadata-3.0-rc5.jar"/>
	<classpathentry kind="lib" path="C:/Users/USER/Documents/BuildPath/All JARs/image-local-features-1.3.6.jar"/>
	<classpathentry kind="lib" path="C:/Users/USER/Documents/BuildPath/All JARs/image-processing-1.3.6.jar"/>
	<classpathentry kind="lib" path="C:/Users/USER/Documents/BuildPath/All JARs/IREval-1.3.6.jar"/>
	<classpathentry kind="lib" path="C:/Users/USER/Documents/BuildPath/All JARs/itext-2.1.7.jar"/>
	<classpathentry kind="lib" path="C:/Users/USER/Documents/BuildPath/All JARs/jackson-annotations-2.9.0.jar"/>
	<classpathentry kind="lib" path="C:/Users/USER/Documents/BuildPath/All JARs/jackson-core-2.9.5.jar"/>
	<classpathentry kind="lib" path="C:/Users/USER/Documents/BuildPath/All JARs/jackson-core-asl-1.9.4.jar"/>
	<classpathentry kind="lib" path="C:/Users/USER/Documents/BuildPath/All JARs/jackson-databind-2.9.5.jar"/>
	<classpathentry kind="lib" path="C:/Users/USER/Documents/BuildPath/All JARs/jackson-mapper-asl-1.9.4.jar"/>
	<classpathentry kind="lib" path="C:/Users/USER/Documents/BuildPath/All JARs/JaFaMa-1.2.jar"/>
	<classpathentry kind="lib" path="C:/Users/USER/Documents/BuildPath/All JARs/jai-codec-1.1.3.jar"/>
	<classpathentry kind="lib" path="C:/Users/USER/Documents/BuildPath/All JARs/jai-core-1.1.3.jar"/>
	<classpathentry kind="lib" path="C:/Users/USER/Documents/BuildPath/All JARs/jal-20031117.jar"/>
	<classpathentry kind="lib" path="C:/Users/USER/Documents/BuildPath/All JARs/jama-1.0.3.jar"/>
	<classpathentry kind="lib" path="C:/Users/USER/Documents/BuildPath/All JARs/jar_files (1).zip"/>
	<classpathentry kind="lib" path="C:/Users/USER/Documents/BuildPath/All JARs/jasperreports-4.6.0.jar"/>
	<classpathentry kind="lib" path="C:/Users/USER/Documents/BuildPath/All JARs/jatl-0.2.1.jar"/>
	<classpathentry kind="lib" path="C:/Users/USER/Documents/BuildPath/All JARs/java-jwt-2.2.1.jar"/>
	<classpathentry kind="lib" path="C:/Users/USER/Documents/BuildPath/All JARs/javassist-3.12.1.GA.jar"/>
	<classpathentry kind="lib" path="C:/Users/USER/Documents/BuildPath/All JARs/javax.mail.jar"/>
	<classpathentry kind="lib" path="C:/Users/USER/Documents/BuildPath/All JARs/jbibtex-1.0.2.jar"/>
	<classpathentry kind="lib" path="C:/Users/USER/Documents/BuildPath/All JARs/jcalendar-1.4.jar"/>
	<classpathentry kind="lib" path="C:/Users/USER/Documents/BuildPath/All JARs/jcommon-1.0.16.jar"/>
	<classpathentry kind="lib" path="C:/Users/USER/Documents/BuildPath/All JARs/jcommon-1.0.23.jar"/>
	<classpathentry kind="lib" path="C:/Users/USER/Documents/BuildPath/All JARs/jdatepicker-1.3.4.jar"/>
	<classpathentry kind="lib" path="C:/Users/USER/Documents/BuildPath/All JARs/jdtcore-3.1.0.jar"/>
	<classpathentry kind="lib" path="C:/Users/USER/Documents/BuildPath/All JARs/jeuclid-core-3.1.9.jar"/>
	<classpathentry kind="lib" path="C:/Users/USER/Documents/BuildPath/All JARs/jfoenix-8.0.5.jar"/>
	<classpathentry kind="lib" path="C:/Users/USER/Documents/BuildPath/All JARs/jfreechart-1.0.13.jar"/>
	<classpathentry kind="lib" path="C:/Users/USER/Documents/BuildPath/All JARs/jfreechart-1.0.19.jar"/>
	<classpathentry kind="lib" path="C:/Users/USER/Documents/BuildPath/All JARs/jfreechart-1.0.19-demo.jar"/>
	<classpathentry kind="lib" path="C:/Users/USER/Documents/BuildPath/All JARs/jfreechart-1.0.19-experimental.jar"/>
	<classpathentry kind="lib" path="C:/Users/USER/Documents/BuildPath/All JARs/jfreechart-1.0.19-swt.jar"/>
	<classpathentry kind="lib" path="C:/Users/USER/Documents/BuildPath/All JARs/jfreesvg-2.0.jar"/>
	<classpathentry kind="lib" path="C:/Users/USER/Documents/BuildPath/All JARs/jgoodies-common-1.2.0.jar"/>
	<classpathentry kind="lib" path="C:/Users/USER/Documents/BuildPath/All JARs/jgoodies-looks-2.4.1.jar"/>
	<classpathentry kind="lib" path="C:/Users/USER/Documents/BuildPath/All JARs/jgrapht-0.8.2.jar"/>
	<classpathentry kind="lib" path="C:/Users/USER/Documents/BuildPath/All JARs/jmatio-1.2.jar"/>
	<classpathentry kind="lib" path="C:/Users/USER/Documents/BuildPath/All JARs/jniloader-1.1.jar"/>
	<classpathentry kind="lib" path="C:/Users/USER/Documents/BuildPath/All JARs/joda-time-2.1.jar"/>
	<classpathentry kind="lib" path="C:/Users/USER/Documents/BuildPath/All JARs/json-simple-1.1.jar"/>
	<classpathentry kind="lib" path="C:/Users/USER/Documents/BuildPath/All JARs/jsoup-1.6.3.jar"/>
	<classpathentry kind="lib" path="C:/Users/USER/Documents/BuildPath/All JARs/JTime.jar"/>
	<classpathentry kind="lib" path="C:/Users/USER/Documents/BuildPath/All JARs/JTransforms-1.3.6.jar"/>
	<classpathentry kind="lib" path="C:/Users/USER/Documents/BuildPath/All JARs/junit-4.6.jar"/>
	<classpathentry kind="lib" path="C:/Users/USER/Documents/BuildPath/All JARs/junit-4.11.jar"/>
	<classpathentry kind="lib" path="C:/Users/USER/Documents/BuildPath/All JARs/klt-tracker-1.3.6.jar"/>
	<classpathentry kind="lib" path="C:/Users/USER/Documents/BuildPath/All JARs/kryo-2.21.jar"/>
	<classpathentry kind="lib" path="C:/Users/USER/Documents/BuildPath/All JARs/la4j-0.4.0.jar"/>
	<classpathentry kind="lib" path="C:/Users/USER/Documents/BuildPath/All JARs/liblinear-dense-1.92.jar"/>
	<classpathentry kind="lib" path="C:/Users/USER/Documents/BuildPath/All JARs/libsvm-3.1.jar"/>
	<classpathentry kind="lib" path="C:/Users/USER/Documents/BuildPath/All JARs/log4j-1.2.14.jar"/>
	<classpathentry kind="lib" path="C:/Users/USER/Documents/BuildPath/All JARs/logback-classic-1.0.0.jar"/>
	<classpathentry kind="lib" path="C:/Users/USER/Documents/BuildPath/All JARs/logback-core-1.0.0.jar"/>
	<classpathentry kind="lib" path="C:/Users/USER/Documents/BuildPath/All JARs/machine-learning-1.3.6.jar"/>
	<classpathentry kind="lib" path="C:/Users/USER/Documents/BuildPath/All JARs/MatrixLib-1.3.6.jar"/>
	<classpathentry kind="lib" path="C:/Users/USER/Documents/BuildPath/All JARs/maven-scm-api-1.4.jar"/>
	<classpathentry kind="lib" path="C:/Users/USER/Documents/BuildPath/All JARs/maven-scm-provider-svn-commons-1.4.jar"/>
	<classpathentry kind="lib" path="C:/Users/USER/Documents/BuildPath/All JARs/maven-scm-provider-svnexe-1.4.jar"/>
	<classpathentry kind="lib" path="C:/Users/USER/Documents/BuildPath/All JARs/mbrola.jar"/>
	<classpathentry kind="lib" path="C:/Users/USER/Documents/BuildPath/All JARs/minlog-1.2.jar"/>
	<classpathentry kind="lib" path="C:/Users/USER/Documents/BuildPath/All JARs/MixedVoices.jar"/>
	<classpathentry kind="lib" path="C:/Users/USER/Documents/BuildPath/All JARs/mtj-1.0.2.jar"/>
	<classpathentry kind="lib" path="C:/Users/USER/Documents/BuildPath/All JARs/native_ref-java-1.1.jar"/>
	<classpathentry kind="lib" path="C:/Users/USER/Documents/BuildPath/All JARs/native_system-java-1.1.jar"/>
	<classpathentry kind="lib" path="C:/Users/USER/Documents/BuildPath/All JARs/nearest-neighbour-1.3.6.jar"/>
	<classpathentry kind="lib" path="C:/Users/USER/Documents/BuildPath/All JARs/netlib-java-0.9.3.jar"/>
	<classpathentry kind="lib" path="C:/Users/USER/Documents/BuildPath/All JARs/netlib-native_ref-linux-armhf-1.1-natives.jar"/>
	<classpathentry kind="lib" path="C:/Users/USER/Documents/BuildPath/All JARs/netlib-native_ref-linux-i686-1.1-natives.jar"/>
	<classpathentry kind="lib" path="C:/Users/USER/Documents/BuildPath/All JARs/netlib-native_ref-linux-x86_64-1.1-natives.jar"/>
	<classpathentry kind="lib" path="C:/Users/USER/Documents/BuildPath/All JARs/netlib-native_ref-osx-x86_64-1.1-natives.jar"/>
	<classpathentry kind="lib" path="C:/Users/USER/Documents/BuildPath/All JARs/netlib-native_ref-win-i686-1.1-natives.jar"/>
	<classpathentry kind="lib" path="C:/Users/USER/Documents/BuildPath/All JARs/netlib-native_ref-win-x86_64-1.1-natives.jar"/>
	<classpathentry kind="lib" path="C:/Users/USER/Documents/BuildPath/All JARs/netlib-native_system-linux-armhf-1.1-natives.jar"/>
	<classpathentry kind="lib" path="C:/Users/USER/Documents/BuildPath/All JARs/netlib-native_system-linux-i686-1.1-natives.jar"/>
	<classpathentry kind="lib" path="C:/Users/USER/Documents/BuildPath/All JARs/netlib-native_system-linux-x86_64-1.1-natives.jar"/>
	<classpathentry kind="lib" path="C:/Users/USER/Documents/BuildPath/All JARs/netlib-native_system-osx-x86_64-1.1-natives.jar"/>
	<classpathentry kind="lib" path="C:/Users/USER/Documents/BuildPath/All JARs/netlib-native_system-win-i686-1.1-natives.jar"/>
	<classpathentry kind="lib" path="C:/Users/USER/Documents/BuildPath/All JARs/netlib-native_system-win-x86_64-1.1-natives.jar"/>
	<classpathentry kind="lib" path="C:/Users/USER/Documents/BuildPath/All JARs/object-detection-1.3.6.jar"/>
	<classpathentry kind="lib" path="C:/Users/USER/Documents/BuildPath/All JARs/objenesis-1.2.jar"/>
	<classpathentry kind="lib" path="C:/Users/USER/Documents/BuildPath/All JARs/orsoncharts-1.4-eval-nofx.jar"/>
	<classpathentry kind="lib" path="C:/Users/USER/Documents/BuildPath/All JARs/orsonpdf-1.6-eval.jar"/>
	<classpathentry kind="lib" path="C:/Users/USER/Documents/BuildPath/All JARs/Player.jar"/>
	<classpathentry kind="lib" path="C:/Users/USER/Documents/BuildPath/All JARs/plexus-utils-1.5.6.jar"/>
	<classpathentry kind="lib" path="C:/Users/USER/Documents/BuildPath/All JARs/poi-3.7.jar"/>
	<classpathentry kind="lib" path="C:/Users/USER/Documents/BuildPath/All JARs/poi-ooxml-3.7.jar"/>
	<classpathentry kind="lib" path="C:/Users/USER/Documents/BuildPath/All JARs/poi-ooxml-schemas-3.7.jar"/>
	<classpathentry kind="lib" path="C:/Users/USER/Documents/BuildPath/All JARs/reflectasm-1.07-shaded.jar"/>
	<classpathentry kind="lib" path="C:/Users/USER/Documents/BuildPath/All JARs/regexp-1.3.jar"/>
	<classpathentry kind="lib" path="C:/Users/USER/Documents/BuildPath/All JARs/sanselan-0.97-incubator.jar"/>
	<classpathentry kind="lib" path="C:/Users/USER/Documents/BuildPath/All JARs/saxon9-9.1.0.8.jar"/>
	<classpathentry kind="lib" path="C:/Users/USER/Documents/BuildPath/All JARs/saxon9-dom-9.1.0.8.jar"/>
	<classpathentry kind="lib" path="C:/Users/USER/Documents/BuildPath/All JARs/scribe-1.3.5.jar"/>
	<classpathentry kind="lib" path="C:/Users/USER/Documents/BuildPath/All JARs/Server.jar"/>
	<classpathentry kind="lib" path="C:/Users/USER/Documents/BuildPath/All JARs/servlet.jar"/>
	<classpathentry kind="lib" path="C:/Users/USER/Documents/BuildPath/All JARs/slf4j-api-1.6.4.jar"/>
	<classpathentry kind="lib" path="C:/Users/USER/Documents/BuildPath/All JARs/snuggletex-core-1.2.2.jar"/>
	<classpathentry kind="lib" path="C:/Users/USER/Documents/BuildPath/All JARs/snuggletex-jeuclid-1.2.2.jar"/>
	<classpathentry kind="lib" path="C:/Users/USER/Documents/BuildPath/All JARs/snuggletex-upconversion-1.2.2.jar"/>
	<classpathentry kind="lib" path="C:/Users/USER/Documents/BuildPath/All JARs/stax-api-1.0.1.jar"/>
	<classpathentry kind="lib" path="C:/Users/USER/Documents/BuildPath/All JARs/swtgraphics2d.jar"/>
	<classpathentry kind="lib" path="C:/Users/USER/Documents/BuildPath/All JARs/trove4j-3.0.2.jar"/>
	<classpathentry kind="lib" path="C:/Users/USER/Documents/BuildPath/All JARs/video-processing-1.3.6.jar"/>
	<classpathentry kind="lib" path="C:/Users/USER/Documents/BuildPath/All JARs/webcam-capture-0.3.12.jar"/>
	<classpathentry kind="lib" path="C:/Users/USER/Documents/BuildPath/All JARs/webcam-capture-0.3.12-dist.zip"/>
	<classpathentry kind="lib" path="C:/Users/USER/Documents/BuildPath/All JARs/WebStartClock.jar"/>
	<classpathentry kind="lib" path="C:/Users/USER/Documents/BuildPath/All JARs/xml-apis-1.3.02.jar"/>
	<classpathentry kind="lib" path="C:/Users/USER/Documents/BuildPath/All JARs/xml-apis-ext-1.3.04.jar"/>
	<classpathentry kind="lib" path="C:/Users/USER/Documents/BuildPath/All JARs/xmlbeans-2.3.0.jar"/>
	<classpathentry kind="lib" path="C:/Users/USER/Documents/BuildPath/All JARs/xmlgraphics-commons-1.3.1.jar"/>
	<classpathentry kind="lib" path="C:/Users/USER/Documents/BuildPath/All JARs/xmlpull-1.1.3.1.jar"/>
	<classpathentry kind="lib" path="C:/Users/USER/Documents/BuildPath/All JARs/xpp3_min-1.1.4c.jar"/>
	<classpathentry kind="lib" path="C:/Users/USER/Documents/BuildPath/All JARs/xstream-1.4.3.jar"/>
	<classpathentry kind="lib" path="C:/Users/USER/Documents/BuildPath/All JARs/xuggle-video-1.3.6.jar"/>
	<classpathentry kind="lib" path="C:/Users/USER/Documents/BuildPath/All JARs/xuggle-xuggler-lgpl-5.5-20140728.jar"/>
	<classpathentry kind="output" path="bin"/>
</classpath>
